threshold,tp,fp,fn,precision,recall,f1_score
0.0,49,7013,28,0.006938544321721892,0.6363636363636364,0.013727412802913572
0.5,49,6436,28,0.0075558982266769464,0.6363636363636364,0.014934471197805547
1.0,49,5909,28,0.008224236320913058,0.6363636363636364,0.016238608119304058
2.0,48,4958,29,0.009588493807431082,0.6233766233766234,0.018886484359630137
3.0,45,4132,32,0.010773282259995211,0.5844155844155844,0.021156558533145277
4.0,43,3398,34,0.012496367335077013,0.5584415584415584,0.024445707788516204
6.0,42,2274,35,0.018134715025906734,0.5454545454545454,0.035102381947346425
8.0,41,1466,36,0.027206370272063702,0.5324675324675324,0.05176767676767677
10.0,40,896,37,0.042735042735042736,0.5194805194805194,0.07897334649555776
12.0,35,537,42,0.06118881118881119,0.45454545454545453,0.1078582434514638
15.0,28,216,49,0.11475409836065574,0.36363636363636365,0.17445482866043613
20.0,10,42,67,0.19230769230769232,0.12987012987012986,0.15503875968992245
25.0,0,5,77,0.0,0.0,0.0
